Timestamp,Section,Score,Notes,AI_Summary,Raw_Content
2026-07-17 12:15,Learning,10,Batch uploaded sources under tag: ,,
2026-07-17 12:21,Learning,10,Batch uploaded sources under tag: ,,
2026-07-17 12:26,Learning,10,Batch uploaded sources under tag: ,,
2026-07-17 12:28,Learning,10,Batch uploaded sources under tag: ,,
2026-07-17 13:03,Learning,10,Batch uploaded sources under tag: ,,
2026-07-17 13:09,Learning,10,Batch uploaded sources under tag: Book,,
2026-07-17 13:17,Learning,10,Batch: Books,,
2026-07-17 13:18,Learning,10,Batch: Books,,
2026-07-17 13:26,Learning,10,Batch: Books,,
2026-07-17 14:33,Learning,10,Batch: Books,AI processing ceiling met. Payload successfully locked to vault.,
2026-07-17 14:54,Learning,10,"Batch:  | Files: Arthashastra.docx, Chanakya's Chant.docx, Gita.docx, Give & Take - Adam Grant.docx, Lessons from Books - Summarised.docx, Lessons from Books.docx, Mahabharat For Me.docx, Modern Wisdom Ancient Roots.docx, The Magic of Thinking Big.docx","### Document Batch Saved Successfully
Data files have been safely pushed to vault. Attached records: Arthashastra.docx, Chanakya's Chant.docx, Gita.docx, Give & Take - Adam Grant.docx, Lessons from Books - Summarised.docx, Lessons from Books.docx, Mahabharat For Me.docx, Modern Wisdom Ancient Roots.docx, The Magic of Thinking Big.docx","
--- Document: Arthashastra.docx ---
[Text extraction note: 404 models/gemini-1.5-flash is not found for API version v1beta, or is not supported for generateContent. Call ModelService.ListModels to see the list of available models and their supported methods.]
--- Document: Chanakya's Chant.docx ---
[Text extraction note: 404 models/gemini-1.5-flash is not found for API version v1beta, or is not supported for generateContent. Call ModelService.ListModels to see the list of available models and their supported methods.]
--- Document: Gita.docx ---
[Text extraction note: 404 models/gemini-1.5-flash is not found for API version v1beta, or is not supported for generateContent. Call ModelService.ListModels to see the list of available models and their supported methods.]
--- Document: Give & Take - Adam Grant.docx ---
[Text extraction note: 404 models/gemini-1.5-flash is not found for API version v1beta, or is not supported for generateContent. Call ModelService.ListModels to see the list of available models and their supported methods.]
--- Document: Lessons from Books - Summarised.docx ---
[Text extraction note: 404 models/gemini-1.5-flash is not found for API version v1beta, or is not supported for generateContent. Call ModelService.ListModels to see the list of available models and their supported methods.]
--- Document: Lessons from Books.docx ---
[Text extraction note: 404 models/gemini-1.5-flash is not found for API version v1beta, or is not supported for generateContent. Call ModelService.ListModels to see the list of available models and their supported methods.]
--- Document: Mahabharat For Me.docx ---
[Text extraction note: 404 models/gemini-1.5-flash is not found for API version v1beta, or is not supported for generateContent. Call ModelService.ListModels to see the list of available models and their supported methods.]
--- Document: Modern Wisdom Ancient Roots.docx ---
[Text extraction note: 404 models/gemini-1.5-flash is not found for API version v1beta, or is not supported for generateContent. Call ModelService.ListModels to see the list of available models and their supported methods.]
--- Document: The Magic of Thinking Big.docx ---
[Text extraction note: 404 models/gemini-1.5-flash is not found for API version v1beta, or is not supported for generateContent. Call ModelService.ListModels to see the list of available models and their supported methods.]"
2026-07-17 15:08,Learning,10,Batch:  | Files: Arthashastra.docx,"❌ System sync resolved successfully, but text summary extraction timed out. Error parameter: 404 models/gemini-pro is not found for API version v1beta, or is not supported for generateContent. Call ModelService.ListModels to see the list of available models and their supported methods.","
--- Start Document Text: Arthashastra.docx ---
Key Takeaways from 
Arthashastra
 by Chanakya (Kautilya)
Arthashastra
The 
Arthashastra
 is not just an ancient text—it’s a 
hard-nosed manual on power, governance, economics, and human 
behavior
. Shockingly practical, even by modern standards.
1. Artha (Prosperity) Is the Foundation of Life
Dharma (ethics), Kama (pleasure), and Moksha (liberation) 
depend on Artha
.
Without economic strength, morality and stability collapse.
👉
 
Wealth creation is not greed; it is duty.
2. The King’s Happiness Lies in the People’s Happiness
A ruler exists to serve public welfare.
Prosperous citizens = strong state.
👉
 
Leadership is responsibility, not privilege.
3. Economics Comes Before Idealism
Chanakya is brutally realistic about human nature.
Policies must be 
practical
, not emotionally or morally naïve.
👉
 
Good intentions without results are useless.
4. Control Corruption Ruthlessly
Chanakya famously said:
“Just as it is impossible not to taste honey placed on the tongue, so it is impossible for a government servant not to eat up some revenue.”
Hence: strict audits, incentives, surveillance, and punishment.
👉
 
Systems must assume human weakness.
5. Revenue Is the Lifeblood of the State
Strong focus on:
Tax collection
Trade duties
State enterprises
Taxes should be 
reasonable
, not oppressive.
👉
 
Over-taxation kills productivity.
6. Build Reserves for Bad Times
Always maintain surplus treasury and grain reserves.
Prepare for famine, war, or crisis 
before
 they arrive.
👉
 
Margin of safety is ancient wisdom.
7. Intelligence & Information Are Power
Espionage, informants, and intelligence networks are essential.
Decisions should be based on 
information, not assumptions
.
👉
 
What you don’t know can destroy you.
8. Reward Merit, Punish Incompetence
Appointments based on capability, not loyalty.
Incompetent officials are dangerous.
👉
 
Meritocracy > 
favoritism
.
9. Discipline Is the Backbone of Power
Personal discipline of the ruler is critical.
Excess indulgence weakens authority.
👉
 
Self-control precedes leadership control.
10. War Is the Last Option—but Be Ready
Prefer diplomacy, alliances, and strategy.
But military preparedness is non-negotiable.
👉
 
Peace is preserved by strength.
11. Wealth Must Be Earned Righteously—but Protected Firmly
Encourage trade, agriculture, and industry.
Protect producers from exploitation.
👉
 
Economic growth + order = stability.
12. Fear and Respect Matter in Governance
Love alone doesn’t sustain authority.
A ruler must balance:
Compassion
Authority
Deterrence
👉
 
Softness invites chaos; cruelty invites revolt.
One-Line Summary
The 
Arthashastra
 teaches that prosperity, discipline, intelligence, and realism—not emotion or idealism—are the true foundations of power and stability.
The 
Arthashastra
 – A Modern Entrepreneur’s Cheat Sheet
(Ancient wisdom. Brutally practical. Shockingly relevant.)
Based on 
Arthashastra
 by Chanakya (Kautilya)
🧠
 CORE MINDSET (Think Like a Founder-King)
1. Artha First, Everything Else Later
Wealth is the foundation of ethics, stability, and freedom.
Cash flow > optics > ideology.
Modern rule:
👉
 
No profit = no principles.
2. Your Business Exists to Serve Real Needs
A king’s happiness lies in people’s happiness.
Value creation is non-negotiable.
Modern rule:
👉
 
If customers don’t win, you don’t win.
💰
 MONEY & FINANCE RULES
3. Revenue Is the Lifeblood
Chanakya obsessed over taxes, trade, and state income.
No apology for focusing on collections.
Modern rule:
👉
 
Sales first. Everything else later.
4. Never Run Without Reserves
Always maintain surplus treasury and grain.
Crises are inevitable.
Modern rule:
👉
 
Minimum 6–12 months cash runway. Always.
5. Avoid Over-Extraction
Excessive taxation destroys productivity.
Sustainable extraction > short-term greed.
Modern rule:
👉
 
Don’t squeeze customers, distributors, or employees too hard.
🏗️
 SYSTEMS > PEOPLE
6. Assume Human Weakness
Corruption is natural, not exceptional.
Systems must expect leakage.
Modern rule:
👉
 
Build controls assuming people may fail.
7. Trust but Audit
Continuous monitoring of officials.
Surprise inspections were normal.
Modern rule:
👉
 
Dashboards, audits, MIS, internal controls.
8. Merit Over Loyalty
Capability mattered more than relationships.
Incompetence was dangerous.
Modern rule:
👉
 
Hire slow, fire fast, promote merit.
🧭
 STRATEGY & COMPETITION
9. Information Is Power
Espionage was central to governance.
Decisions were intelligence-led.
Modern rule:
👉
 
Know competitors, suppliers, customers better than they know themselves.
10. Avoid Direct War When Possible
Prefer alliances, negotiation, strategy.
War only when odds are 
favorable
.
Modern rule:
👉
 
Price wars are last resort. Outsmart before you outspend.
11. Choose Battles Ruthlessly
Fight only where victory is probable.
Retreat is acceptable.
Modern rule:
👉
 
Focus on niches where you have unfair advantage.
🧍
 LEADERSHIP DISCIPLINE
12. Personal Discipline Is Non-Negotiable
A weak ruler weakens the state.
Indulgence leads to collapse.
Modern rule:
👉
 
Founder discipline = company discipline.
13. Fear + Respect > Love Alone
Excess softness invites disorder.
Excess cruelty invites rebellion.
Modern rule:
👉
 
Be fair, firm, predictable.
🛡️
 RISK & SURVIVAL
14. Survival > Growth
Staying alive mattered more than expansion.
Collapse was the ultimate failure.
Modern rule:
👉
 
Don’t chase valuation at the cost of survival.
15. Prepare Before Crisis Hits
Famine, war, rebellion 
were
 assumed.
Planning was continuous.
Modern rule:
👉
 
Plan for downturns while business is good.
🧘
 LONG-TERM THINKING
16. Wealth Without Control Is Useless
Money must translate into stability and authority.
Modern rule:
👉
 
Control your time, cash, and decisions.
17. Short-Term Pleasure Weakens Long-Term Power
Overindulgence was seen as strategic weakness.
Modern rule:
👉
 
Delay gratification. Build endurance.
📌
 ONE-PAGE SUMMARY
Build wealth first.
Assume human weakness.
Create systems, not dependencies.
Keep reserves.
Think long-term.
Discipline yourself before leading others.
🧭
 1) Daily Founder Operating Code (Inspired by 
Arthashastra
)
A checklist to run your day like a disciplined ruler-founder
Every Morning (10 minutes)
Cash First
Check 
cash balance, receivables, payables
.
Ask: 
Do I have at least 6–12 months runway?
Revenue Focus
Identify 
1 action today
 that directly increases sales or collections.
No revenue task → day is incomplete.
Control Check
What can go wrong today?
Where is leakage possible? (money, quality, people, compliance)
Information Edge
One update on 
customers / competitors / suppliers / government policy
.
During the Day
Systems > People
If something breaks, ask:
Which system failed?
 not 
Who failed?
Merit & Accountability
Reward output, not loyalty or effort stories.
Fix or remove incompetence fast.
Avoid Unnecessary Battles
No ego fights with customers, vendors, or officials.
Choose calm strategy over emotional reactions.
End of Day (5 minutes)
Survival Review
Did today strengthen or weaken:
Cash?
Control?
Credibility?
Founder Discipline
Did I act with restraint, clarity, and firmness?
Founder chaos = company chaos.
Daily mantra:
Protect cash. Build systems. Stay informed. Act calmly.
🏭
 3) 
Arthashastra
 Applied Directly to Your Fortified Food / Manufacturing Business
(Based on principles from 
Arthashastra
 by 
Chanakya
)
💰
 A. Cash & Revenue (Artha First)
Collections > Sales
Government + millers = long receivable cycles
👉
 Track 
DSO weekly
, not monthly.
Maintain 
separate crisis reserve account
 (untouchable).
Rule:
Growth that stresses cash is a hidden enemy.
🧾
 B. Controls & Leakage (Assume Human Weakness)
Input–Output Reconciliation
Rice in vs FRK out
Batch-wise yield tracking
Surprise checks
 on:
Weighment
Blending ratios
Dispatch quantities
Rule:
If it’s not measured, it will be eaten.
👥
 C. People & Operations
One person = one responsibility
No shared accountability in:
Procurement
Production
Dispatch
Rotate sensitive roles periodically.
Rule:
Trust the system, not memory or goodwill.
📊
 D. Information Is Power
Maintain a simple 
weekly intelligence sheet
:
Govt scheme changes
Competitor pricing
New tenders
Policy delays
Rule:
Bad news early is cheaper than good news late.
🛡️
 E. Risk Management
Never depend on:
One buyer
One mill
One state
Build 
parallel channels
 (retail / export / private nutrition).
Rule:
Optionality = power.
⚖️
 F. Dealings with Government & Partners
Be:
Fully compliant
Calm
Documented
No shortcuts that create future leverage against you.
Rule:
Fear comes from dependence. Respect comes from preparedness.
🧘
 G. Founder Mindset
Avoid lifestyle inflation until:
Business has stable reserves
Systems run without daily intervention
Your restraint signals seriousness to everyone.
Rule:
Founder discipline compounds faster than capital.
📌
 Ultra-Short Summary
Cash before comfort
Systems before trust
Information before action
Survival before growth
Discipline before expansion
"
